;;;;;;;Grundsicherung für Arbeitsuchende nach dem SGB II
;;;;;;;
1. Leistungskürzung durch Sanktion gegenüber erwerbsfähigen Leistungsberechtigten (ELB);;;;;;;
Deutschland, West/Ost, Länder und Jobcenter;;;;;;;
Berichtsmonat September 2021;;;;;;;
;;;;;;;
Lesehilfe:  Die Sanktionen bewirkten bundesweit bei knapp 34.000 ELB mit mindestens einer Sanktion im Berichtsmonat September 2021;;;;;;;
eine durchschnittliche Kürzung des laufenden Leistungsanspruchs um 16%. Dies entspricht einer durchschnittlichen Kürzung um 99 Euro. ;;;;;;;
;;;;;;;
Regionen;Träger-nummer;Insgesamt;;;dar. unter 25 Jahre;;
;;Bestand ELB mit mindestens einer Sanktion;"Leistungskürzung 
durch Sanktion 
in % 1)";"Durchschnittliche Höhe der 
Kürzungen von Gesamtregelleistung durch Sanktion 
in Euro 
(bezogen auf alle ELB mit mindestens einer Sanktion)";Bestand ELB mit mindestens einer Sanktion;"Leistungskürzung 
durch Sanktion 
in % 1)";"Durchschnittliche Höhe der 
Kürzungen von Gesamtregelleistung durch Sanktion 
in Euro 
(bezogen auf alle ELB mit mindestens einer Sanktion)"
;;;;;;;
;;1;2;3;4;5;6
Deutschland;;34.301;15,6;98,79;7.556;17,3;89,65
Westdeutschland;;23.677;15,7;98,67;5.299;17,6;89,24
Ostdeutschland;;10.624;15,4;99,05;2.257;16,8;90,63
;;;;;;;
Schleswig-Holstein;1;1.243;15;95,18;293;16,2;88,1
Hamburg;2;735;15,6;108,11;108;19,6;105,83
Niedersachsen;3;3.409;15,1;95,32;818;16,2;87,07
Bremen;4;398;16,7;108,64;136;17,9;98,23
Nordrhein-Westfalen;5;6.787;14,8;93,26;1.744;17,4;87,49
Hessen;6;2.927;16,2;99,77;673;18,1;86,32
Rheinland-Pfalz;7;1.890;16,9;101,33;318;17,6;83,95
Baden-Württemberg;8;2.702;16,4;103,37;536;18;92,53
Bayern;9;2.972;17,1;106,76;522;19,7;96,57
Saarland;10;614;14,1;92,9;151;18,2;90,53
Berlin;11;2.690;16,5;111,05;498;19,7;96,58
Brandenburg;12;1.925;15,3;96,99;412;16,7;90,87
Mecklenburg-Vorpommern;13;816;14,6;95,9;178;15,5;93,68
Sachsen;14;2.356;14,7;93,49;596;15,8;90,66
Sachsen-Anhalt;15;1.656;14,7;92,04;321;14,9;80,19
Thüringen;16;1.181;16,3;98,21;252;17,5;89,58
;;;;;;;
Schleswig-Holstein;1;1.243;15;95,18;293;16,2;88,1
JC Stormarn;11102;63;18,4;101,54;*;21;95,4
JC Herzogtum Lauenburg;11116;107;13,9;84,62;*;12,9;67,74
JC Pinneberg;11502;87;17,3;108,09;16;19,3;102,33
JC Segeberg;11522;134;13,4;84,2;49;13,1;74,86
JC Flensburg, Stadt;11902;115;13,9;91,92;21;17,9;96,16
JC Schleswig-Flensburg;11904;165;12,8;82,53;29;12,6;73,17
JC Nordfriesland;11916;25;15;86,93;*;15,6;80,51
JC Dithmarschen;12702;104;17,4;108,62;33;14,7;89,55
JC Steinburg;12712;66;20,4;121,89;8;23,8;90,36
JC Kiel, Landeshauptstadt;13102;145;11,2;77,64;13;15,9;106,69
JC Plön;13106;34;17,9;105,88;*;24;121,83
JC Lübeck, Hansestadt;13502;54;16,8;108,01;*;17,4;95,02
JC Ostholstein;13506;47;15,4;103,24;*;9,4;57,1
JC Neumünster, Stadt;13902;48;17;111,2;*;20,4;104,66
JC Rendsburg-Eckernförde;13912;49;18,5;114,15;*;22,4;103,13
Hamburg;2;735;15,6;108,11;108;19,6;105,83
JC Hamburg, Freie und Hansestadt;12302;735;15,6;108,11;108;19,6;105,83
Niedersachsen;3;3.409;15,1;95,32;818;16,2;87,07
JC Braunschweig, Stadt;21102;59;19,1;123,12;31;20,8;117,48
JC Salzgitter, Stadt;21104;73;18;118,61;*;18,8;116,55
JC Wolfenbüttel;21106;29;12,7;88,88;*;15,3;99,62
JC Goslar;21124;116;14,7;104,12;17;19,4;110,03
JC Osterholz;21416;90;17,5;105,17;*;18,6;103,64
JC Celle;22102;114;14,6;96,45;20;17,3;103,12
JC Heidekreis;22116;92;10,6;74,34;*;15,6;91,17
JC Emden, Stadt;22402;15;18,2;111,77;*;14,9;92,92
JC Leer;22410;66;14,5;84,84;*;18,9;83,6
JC Wittmund;22444;6;22,7;105,91;*;37,8;148,09
JC Aurich;22446;75;12,7;82,61;20;10,2;62,87
JC Göttingen;23102;184;11,5;70,2;68;11,9;64,32
JC Northeim;23106;43;15,4;92,71;*;15,1;84,99
JC Holzminden;23406;26;20,5;103,4;8;16,9;86,98
JC Hameln-Pyrmont;23408;10;20,6;126,66;*;36,5;133,8
JC Schaumburg;23444;109;12,5;83,21;18;14,1;70,63
JC Region Hannover;23702;13;17,7;107,97;*;35,6;115,12
JC Helmstedt;24110;55;17,4;109,78;*;19;123,32
JC Gifhorn;24112;75;17,7;102,53;17;14,8;75,95
JC Wolfsburg, Stadt;24114;83;15,9;109,35;11;15,2;103,75
JC Hildesheim;24402;13;18,6;107,98;*;16,9;86,5
JC Peine;24404;69;11,8;68,43;29;14,7;69,97
JC Lüneburg;25102;139;15,5;110,97;29;16,4;99,2
JC Harburg;25104;85;16,4;108,62;*;15,5;85,92
JC Lüchow-Dannenberg;25110;12;14,7;91,41;4;14,2;68
JC Uelzen;25112;152;14,8;95,32;12;11,4;58,24
JC Grafschaft Bentheim;25704;64;16,2;80,46;32;14,3;65,34
JC Emsland;25706;100;14,6;88,43;37;16,8;90,18
JC Delmenhorst, Stadt;26104;40;12,5;76,11;20;10,4;58,58
JC Oldenburg (Oldenburg), Stadt;26106;205;12,6;89,83;38;12,5;79,84
JC Wesermarsch;26110;72;14,1;85,97;9;16,9;100,27
JC Ammerland;26112;60;12,9;85,32;13;11,3;60,38
JC Oldenburg;26118;75;13,9;88,53;18;17,1;85,63
JC Wilhelmshaven, Stadt;26126;92;15,3;98,66;21;12,5;74,22
JC Friesland;26130;11;6,4;42,56;3;5,8;41,63
JC Osnabrück, Stadt;26402;94;14,9;97,78;19;21,9;123,99
JC Osnabrück;26410;69;12,6;73,47;*;15,2;70,73
JC Stade;26702;108;17,1;101,7;41;19,1;90,74
JC Cuxhaven;26704;39;21,6;125,76;*;32;119,8
JC Rotenburg (Wümme);26706;120;19,6;122,1;20;20;120,39
JC Vechta;27402;62;20,7;122,64;*;19;110,06
JC Cloppenburg;27404;112;15,9;97,26;14;25,4;93,84
JC Verden;27706;161;15,2;77,87;36;17,5;73,77
JC Diepholz;27708;90;20,3;119,89;20;21,2;115,93
JC Nienburg (Weser);27718;32;13,7;90,31;*;14,9;72,51
Bremen;4;398;16,7;108,64;136;17,9;98,23
JC Bremen, Stadt;21404;208;18,1;121,59;57;20,3;114,63
JC Bremerhaven, Stadt;21420;190;15,1;94,47;79;16,1;86,41
Nordrhein-Westfalen;5;6.787;14,8;93,26;1.744;17,4;87,49
JC Heinsberg;31106;163;12,7;82,12;46;13,3;71,06
JC Städteregion Aachen;31108;190;18,1;112,82;49;19,7;105,68
JC Düren;31118;65;14,4;83,25;*;21,2;103,59
JC Leverkusen, Stadt;31502;139;11,8;77,95;34;12,5;61,51
JC Oberbergischer Kreis;31504;145;14,3;91,3;26;18,8;98,32
JC Rheinisch-Bergischer Kreis;31506;28;11,5;79,66;4;17,7;97,03
JC Bielefeld, Stadt;31704;35;23,7;134,71;20;27;135,92
JC Gütersloh;31778;92;14,1;88,48;*;22,2;107
JC Bochum, Stadt;32102;101;15,7;108,48;10;24;127,58
JC Herne, Stadt;32112;33;17,8;115,17;*;23,3;129,95
JC Bonn, Stadt;32302;122;18,5;109,99;51;21,3;103,99
JC Rhein-Sieg-Kreis;32304;131;15,4;101,47;30;17,6;95,53
JC Rhein-Erft-Kreis;32502;84;17,6;117,1;18;19,1;100,33
JC Euskirchen;32504;*;20,2;116,87;*;13,9;96,98
JC Borken;32702;150;13,4;82,5;26;16,9;79,34
JC Coesfeld;32704;65;16,3;99,89;*;21,5;96,15
JC Lippe;33148;176;13,3;79,83;39;16,7;72,65
JC Dortmund, Stadt;33302;208;10,7;72,7;68;13,7;75,35
JC Düsseldorf, Stadt;33702;147;19,8;123,31;27;25,2;107,65
JC Duisburg, Stadt;34102;329;20,8;122,82;138;22,7;114,91
JC Essen, Stadt;34348;500;8,7;60,14;144;7,5;40,04
JC Gelsenkirchen, Stadt;34502;183;12;72,87;60;13,8;72,25
JC Bottrop, Stadt;34506;82;17,9;99,97;44;18,3;88,52
JC Ennepe-Ruhr-Kreis;34702;262;14,4;88,88;72;17,2;87,07
JC Hagen, Stadt;34704;86;18,3;112,67;*;24,3;127,78
JC Hamm, Stadt;35102;*;33,5;120,3;-;0;0
JC Unna;35104;139;17,2;97,86;67;16,9;85,63
JC Herford;35302;105;21,4;120,49;16;25,6;95,04
JC Minden-Lübbecke;35318;91;16,4;103,51;12;21,2;113
JC Märkischer Kreis;35502;166;16,6;102,76;43;18,9;90,15
JC Köln, Stadt;35702;113;16,7;119,63;50;21,2;115,26
JC Krefeld;36102;77;14,4;84,43;22;10,4;53,22
JC Viersen;36108;80;17,7;99,65;39;22,6;107,97
JC Mettmann;36402;199;15,1;94,04;58;15,6;73,61
JC Mönchengladbach, Stadt;36502;29;19;119,87;*;20,2;120,88
JC Rhein-Kreis Neuss;36504;127;16,8;99,78;18;25;119,29
JC Warendorf;36704;58;11,4;79,26;5;16,4;91,88
JC Münster, Stadt;36748;39;14,6;83,92;*;19,3;89,21
JC Mülheim an der Ruhr, Stadt;37102;96;14,4;88,88;*;15;76,13
JC Oberhausen, Stadt;37106;261;16,3;105,96;39;19,8;100,2
JC Paderborn;37302;77;16,4;99,7;21;17,3;85,19
JC Höxter;37338;83;13,9;85,21;18;17,2;84,5
JC Recklinghausen;37548;353;13;82,41;79;16,9;80,75
JC Steinfurt;37710;116;13,6;78,52;32;14,7;65,39
JC Siegen-Wittgenstein;38102;130;13,9;89,57;18;16,2;86,46
JC Olpe;38104;47;20,9;123,25;*;19,4;105,26
JC Soest;38302;83;13,8;84,75;*;13,3;57,29
JC Hochsauerlandkreis;38340;156;16,1;99,62;21;21,3;123,24
JC Wesel;38702;147;15,2;94;31;15,3;81,19
JC Kleve;38704;161;15;90,4;32;19;83,62
JC Remscheid, Stadt;39104;50;16,2;100,83;*;22,8;109,52
JC Solingen, Stadt;39106;26;18,6;121,27;*;24,8;144,04
JC Wuppertal, Stadt;39148;245;12,1;81,47;35;14,9;75,38
Hessen;6;2.927;16,2;99,77;673;18,1;86,32
JC Hersfeld-Rotenburg;41102;46;16,7;93,48;8;16,2;76,03
JC Fulda;41110;84;17,1;94,78;15;21;70,7
JC Bergstraße;41502;121;17,8;108,61;22;59,1;222,01
JC Darmstadt-Dieburg;41506;36;15,1;89,63;*;17,2;83,15
JC Odenwaldkreis;41508;70;16,7;87,12;36;19,2;87,06
JC Darmstadt, Wissenschaftsstadt;41512;30;20;121,28;*;26,7;135,5
JC Frankfurt am Main, Stadt;41920;282;16,3;108,38;59;19,9;93,62
JC Gießen;42702;154;12,7;86,45;23;16,1;82,95
JC Vogelsbergkreis;42704;18;9,8;59,94;5;0;0
JC Wetteraukreis;42708;161;18,7;116,53;33;23;107,48
JC Main-Kinzig-Kreis;43102;109;16,6;102,92;15;7,3;35,97
JC Hochtaunuskreis;43302;26;19,7;129,14;*;20,1;124,9
JC Main-Taunus-Kreis;43304;11;14,9;98,7;-;0;0
JC Groß-Gerau;43306;69;14,7;79,16;*;4,2;17,39
JC Kassel, documenta-Stadt;43502;166;18,7;109,53;50;20,3;100,74
JC Kassel;43504;90;17,7;110,09;15;15,9;79,12
JC Werra-Meißner-Kreis;43520;100;16,1;110,02;8;12,5;104,81
JC Waldeck-Frankenberg;43902;59;13,2;75;18;14,8;65,99
JC Schwalm-Eder-Kreis;43904;176;14,4;89,43;18;18;87,23
JC Limburg-Weilburg;44302;128;16,6;95,33;34;21,4;95,23
JC Lahn-Dill-Kreis;44304;65;17,3;107,8;*;21,5;95,83
JC Marburg-Biedenkopf;44702;163;19,8;123,91;31;21,4;114,68
JC Offenbach;45108;229;15,6;91,21;87;8,8;42,08
JC Offenbach am Main, Stadt;45148;299;15,8;93,57;67;20,4;89,51
JC Wiesbaden, Landeshauptstadt;45902;154;15,4;97,54;46;21,2;104,16
JC Rheingau-Taunus-Kreis;45904;81;11,2;77,56;*;11,8;69,11
Rheinland-Pfalz;7;1.890;16,9;101,33;318;17,6;83,95
JC Bad Kreuznach;51102;11;20,7;124,86;*;30,9;113,7
JC Birkenfeld;51106;8;21,9;125,4;*;21,1;120,45
JC Rhein-Hunsrück-Kreis;51110;19;17,4;101,86;*;15,4;73,18
JC Donnersbergkreis;51502;25;14,9;87,33;4;22;93,75
JC Kaiserslautern, Stadt;51506;126;16,9;104,15;18;12,1;63,64
JC Kaiserslautern;51510;65;16,1;86,02;10;21,2;88,01
JC Pirmasens, Stadt;51516;62;16,4;107,06;6;19,8;109,98
JC Zweibrücken, Stadt;51518;15;18,4;113,82;*;14;75,15
JC Südwestpfalz;51520;59;18,6;111,98;*;20,5;35,7
JC Kusel;51542;39;13,4;74,14;*;10,9;48,67
JC Koblenz, Stadt;51902;61;15,6;98,56;12;18,2;100,01
JC Cochem-Zell;51904;16;14,5;75,53;*;24,2;76,53
JC Ahrweiler;51906;26;21,7;120,55;5;21,6;118,68
JC Mayen-Koblenz;51908;50;16,3;93,73;13;17,2;94,4
JC Vorderpfalz-Ludwigshafen;52302;208;13,8;77,44;74;16,5;75,95
JC Alzey-Worms;52704;32;12,2;65,89;6;21,9;87,7
JC Mainz, Stadt;52706;162;15,4;105,7;22;18,1;95,98
JC Worms, Stadt;52710;54;17,2;107,84;*;20,9;102,92
JC Mainz-Bingen;52744;54;15,5;97,01;5;11,9;69,58
JC Rhein-Lahn-Kreis;53502;197;20,8;122,33;10;22,2;102,9
JC Westerwaldkreis;53504;88;19,9;107,18;24;20,9;93,94
JC Germersheim;54302;159;16,6;102,69;19;16,3;72,95
JC Landau-Südliche Weinstraße;54308;45;14,7;76,43;17;11,3;49,68
JC Deutsche Weinstraße;54312;44;16,8;100,57;*;10,1;66,9
JC Altenkirchen (Westerwald);54702;50;20;111,31;8;25,3;103,9
JC Neuwied;54708;79;17,1;107,65;7;19;66,3
JC Bernkastel-Wittlich;56302;16;18,3;112,65;*;28;107,1
JC Bitburg-Prüm;56304;42;18,6;122,2;*;15,7;111,5
JC Trier, Stadt;56306;32;19,3;123,42;4;22,3;136,69
JC Trier-Saarburg;56308;15;15;103,47;4;16,8;102,6
JC Vulkaneifel;56310;31;15,4;90,01;3;15,3;63
Baden-Württemberg;8;2.702;16,4;103,37;536;18;92,53
JC Heidenheim;61108;103;13,4;80,76;37;12,5;66,61
JC Ostalbkreis;61146;5;25,4;121,46;*;100;278,22
JC Zollernalbkreis;61402;38;21,4;118,77;3;40,7;104,15
JC Sigmaringen;61406;19;21,4;126,73;4;19,7;120,45
JC Breisgau-Hochschwarzwald;61702;30;12,9;85,29;*;21,5;69,74
JC Emmendingen;61704;13;19,5;97,12;*;28,3;92,2
JC Freiburg im Breisgau, Stadt;61706;120;13,4;86,04;37;16,5;86,56
JC Esslingen;62102;66;14,2;96,27;20;11,9;74,74
JC Göppingen;62106;148;16,8;110,04;30;21,6;113,37
JC Heidelberg, Stadt;62402;48;13;79,45;*;15,4;74,1
JC Rhein-Neckar-Kreis;62404;41;18,6;108,34;*;23,3;98,52
JC Heilbronn, Stadt;62702;53;20,3;121,82;*;19,3;128,06
JC Heilbronn;62704;*;39,2;129,3;-;0;0
JC Karlsruhe, Stadt;63102;42;17,4;114,55;7;17,4;95,3
JC Karlsruhe;63108;237;15,4;100,07;35;16;85,1
JC Baden-Baden, Stadt;63120;*;22,8;133,8;-;0;0
JC Rastatt;63122;34;13,9;77,49;5;15,9;48,73
JC Konstanz;63402;200;17,7;113,02;34;18,9;91,73
JC Bodenseekreis;63404;73;16,2;100,23;*;17;74,12
JC Ravensburg;63408;32;13,2;85,54;*;7,9;44,6
JC Lörrach;63702;53;20,4;122,79;*;24,2;108,46
JC Waldshut;63704;52;13,9;80,52;17;16,3;70,15
JC Ludwigsburg;64148;174;17,3;107,2;28;20,1;99,61
JC Mannheim, Universitätsstadt;64402;9;14,5;87,94;-;0;0
JC Calw;64702;22;18,7;110,73;*;24,2;145,38
JC Freudenstadt;64708;28;15,9;111,79;*;12,6;104,07
JC Pforzheim, Stadt;64710;45;19,2;128,19;*;23,9;153
JC Enzkreis;64712;36;16;89,24;*;17,1;68,28
JC Ortenaukreis;65106;265;16,1;96,7;49;17,2;75,52
JC Reutlingen;66402;84;17,2;116,14;10;24,9;116,43
JC Tübingen;66404;7;21,8;163,09;*;47,6;446
JC Rems-Murr-Kreis;67102;77;17,7;123,9;5;24,5;114,44
JC Hohenlohekreis;67402;29;18,1;118,09;*;30,7;120,45
JC Schwäbisch Hall;67404;29;15,2;103,34;7;17,2;126,17
JC Neckar-Odenwald-Kreis;67408;30;16,2;93,72;*;17,4;75,85
JC Main-Tauber-Kreis;67410;54;16,7;108,1;9;24,4;154,39
JC Böblingen;67704;72;14,4;84,34;*;15,6;81,58
JC Stuttgart, Landeshauptstadt;67748;108;13,7;98,89;24;14,5;94,63
JC Ulm, Universitätsstadt;68402;32;15,7;107,86;*;20,8;114,29
JC Alb-Donau-Kreis;68404;18;19;126,34;*;18,1;107
JC Biberach;68410;17;15,6;100,73;5;19,6;102,56
JC Schwarzwald-Baar-Kreis;68702;81;16,7;108,08;*;18,6;96,4
JC Tuttlingen;68706;39;19,7;115,46;13;21,4;115,63
JC Rottweil;68708;35;21,3;124,2;*;19,9;120,45
Bayern;9;2.972;17,1;106,76;522;19,7;96,57
JC Ansbach, Stadt;71102;16;18;117,32;*;23,9;113,7
JC Weißenburg-Gunzenhausen;71108;27;22,3;110,86;*;27,2;84,44
JC Roth;71110;54;16,5;104,03;*;19,9;115,07
JC Ansbach;71146;*;26,1;93,68;*;26,1;93,68
JC Aschaffenburg, Stadt;71502;52;20,9;121,97;5;27;121,46
JC Aschaffenburg;71504;32;16;95,77;*;30;120,4
JC Miltenberg;71506;21;23,9;116,4;8;30,1;121,35
JC Bayreuth, Stadt;72302;37;18,7;101;*;21,5;87,74
JC Bayreuth;72304;8;23,9;116,37;3;28;96,33
JC Kulmbach;72306;16;20,7;114,17;*;27,7;115,6
JC Hof, Stadt;72308;82;20,3;121,22;13;26;112,32
JC Hof;72310;17;16,4;100,46;*;9,3;74,33
JC Wunsiedel im Fichtelgebirge;72312;36;18,4;110,37;*;27,5;71,4
JC Coburg, Stadt;72702;18;20,1;120,89;*;30;133,8
JC Coburg;72704;31;21,9;127,59;*;21,3;116,84
JC Kronach;72706;4;20,9;108,13;*;52,1;120,3
JC Lichtenfels;72708;27;21,1;114;*;20,6;112,71
JC Bamberg, Stadt;72710;39;15,7;96,28;*;16,7;103,09
JC Bamberg;72712;26;18,3;114,96;5;22,9;101,07
JC Forchheim;72714;*;7,8;59,47;*;10,1;89,2
JC Fürth, Stadt;72902;47;13,1;88,06;*;25;119,7
JC Fürth, Land;72904;20;14,9;103,8;9;15;113,41
JC Erlangen, Stadt;72906;7;14,9;99,37;-;0;0
JC Erlangen-Höchstadt;72908;4;14,8;81,59;-;0;0
JC Neustadt adAisch-Bad Windsheim;72910;22;17;96,81;*;28,6;89,25
JC Nürnberg, Stadt;73514;113;13,8;92,63;9;8,2;45,6
JC Nürnberger Land;73522;28;16,1;99,2;-;0;0
JC Schwabach, Stadt;73524;7;16,9;92,99;3;23,3;102,55
JC Neumarkt idOPf;73902;20;20;123,75;*;18,7;107,1
JC Regensburg, Stadt;73904;10;21,9;163,67;*;54,7;446
JC Regensburg;73906;21;14,5;81,46;5;9,5;69,9
JC Kelheim;73908;12;16,5;100,68;*;17,6;107,1
JC Amberg-Sulzbach;74302;28;21,3;118,23;*;14,9;133,8
JC Cham;74306;4;20,4;123,74;-;0;0
JC Schwandorf;74308;29;19,2;114,17;*;23,6;96,96
JC Bad Kissingen;74702;6;23,4;129,3;*;26;133,8
JC Haßberge;74704;6;15,1;87,94;*;15,2;77,81
JC Rhön-Grabfeld;74706;20;23,5;115,53;*;52,6;107,1
JC Schweinfurt, Stadt;74708;40;14,8;86,15;*;19,5;92,11
JC Schweinfurt;74710;15;19,6;118,69;*;15,7;83,59
JC Neustadt-Weiden;75102;14;19,3;111,49;*;14,8;86,27
JC Tirschenreuth;75104;28;17,4;94,75;*;14,8;60,68
JC Kitzingen;75902;13;27,3;122,86;7;33,1;121,15
JC Würzburg, Stadt;75906;50;16,7;105,8;*;17,7;97,63
JC Würzburg;75908;31;15,3;99,49;*;14,5;92,78
JC Main-Spessart;75910;16;21,3;121,85;*;34,2;166
JC Aichach-Friedberg;81102;4;16,6;70,2;*;10,1;40,15
JC Augsburg, Stadt;81104;97;18,2;119,91;10;20,8;84,04
JC Augsburg;81110;96;17,9;112,12;13;22,4;100,62
JC Deggendorf;81502;10;18,6;113,52;*;11,3;45,91
JC Regen;81504;10;17,7;119,51;3;16,3;95,17
JC Straubing-Bogen;81512;54;17,6;109,92;8;15,2;76,83
JC Dillingen adDonau;81904;29;16,2;100,46;*;17;80,3
JC Donau-Ries;81906;30;19,5;114,51;*;22,2;82,02
JC Günzburg;81910;35;17,8;99,93;*;21,5;80,38
JC Neu-Ulm;81912;104;22;124,46;11;31,4;148,23
JC Erding;82302;12;21,3;93,34;6;21,9;86,43
JC Freising;82304;-;-;-;-;-;-
JC Dachau;82306;46;18,2;131,46;3;40,6;225,16
JC Ebersberg;82308;10;15,3;97,68;*;12,4;133,8
JC Eichstätt;82702;36;21,9;115,36;5;22,7;85,66
JC Neuburg-Schrobenhausen;82706;23;17,6;104,3;*;21,2;98,7
JC Pfaffenhofen a.d. Ilm;82708;30;16,7;93,69;3;24,3;139,77
JC Ingolstadt, Stadt;82746;90;12,1;85,19;25;13,8;87,67
JC Kempten (Allgäu), Stadt;83104;52;17;114,58;*;18,9;103,82
JC Lindau (Bodensee);83106;21;15,3;113,19;*;17,1;101,1
JC Ostallgäu;83110;14;13;100,66;*;18,4;84,75
JC Memmingen, Stadt;83112;21;18,2;120,01;-;0;0
JC Unterallgäu;83114;21;22;108,83;4;25;118,28
JC Oberallgäu;83142;19;14,6;85,67;*;11,4;40,14
JC Kaufbeuren, Stadt;83148;7;17,4;108,36;*;16,7;73,8
JC Dingolfing-Landau;83502;21;19,6;115,95;*;20,8;77,3
JC Landshut, Stadt;83504;22;20,1;122,89;-;0;0
JC Landshut;83506;21;19,7;122,4;*;9,5;35,7
JC Rottal-Inn;83510;14;21,6;120,39;*;24,7;109,27
JC München, Landeshauptstadt;84308;262;14,4;102,83;71;17,7;86,19
JC München;84358;8;13;81,41;*;25,3;83,3
JC Freyung-Grafenau;84702;31;18,7;110,78;*;25,4;112,39
JC Passau, Stadt;84704;38;19,8;122,7;*;21,6;122,36
JC Passau;84706;163;16,4;94,31;29;19,1;92,37
JC Bad Tölz-Wolfratshausen;85502;33;16,8;120,66;7;17;105,58
JC Miesbach;85504;21;13,2;87,27;-;0;0
JC Rosenheim, Stadt;85506;60;15,9;106,12;8;19,6;85,92
JC Rosenheim;85508;35;15,4;102,17;*;11,5;77,31
JC Berchtesgadener Land;85902;5;14,1;110,62;*;17,4;107,1
JC Traunstein;85904;20;13,8;87,83;*;27,7;131,55
JC Altötting;85906;33;18,5;124,18;-;0;0
JC Mühldorf am Inn;85908;38;17,6;89,33;*;20,5;56,6
JC Garmisch-Partenkirchen;86302;30;12,7;86,46;5;25,2;95,98
JC Landsberg am Lech;86304;19;21,3;126,72;*;30;127,05
JC Weilheim-Schongau;86306;12;18,3;103,48;*;100;28,95
JC Fürstenfeldbruck;86308;36;13,1;99,95;5;23,1;90,05
JC Starnberg;86310;20;14,7;99,78;8;15,8;93,41
Saarland;10;614;14,1;92,9;151;18,2;90,53
JC Regionalverband Saarbrücken;55502;443;14;94,88;101;19,9;103,39
JC Neunkirchen;55514;63;14,6;92,23;23;16,4;84,11
JC St. Wendel;55516;39;11,6;71,57;*;13,5;68,4
JC Saarpfalz-Kreis;55518;30;14,2;65,75;16;5,7;18,41
JC Merzig-Wadern;55520;34;17,7;112;*;28,9;116
JC Saarlouis;55522;5;17,1;125,76;*;17;120,45
Berlin;11;2.690;16,5;111,05;498;19,7;96,58
JC Neukölln;92202;180;18,3;110,57;53;21,2;91,48
JC Treptow-Köpenick;92204;137;15,1;106,48;46;19,9;107,27
JC Steglitz-Zehlendorf;92208;237;16,1;116,84;21;15,4;108,07
JC Tempelhof-Schöneberg;92210;106;16,1;100,32;28;18,9;87,44
JC Charlottenburg-Wilmersdorf;95502;99;14,9;105,57;13;21,2;104,97
JC Pankow;95504;68;13,7;109,77;4;22,5;178,4
JC Reinickendorf;95506;79;18,6;124,58;7;17,1;114,73
JC Spandau;95508;434;19,3;126,63;60;21,8;112,04
JC Friedrichshain-Kreuzberg;96202;184;16,4;108,52;51;22,7;107,29
JC Mitte;96204;595;17,3;111,09;157;20,9;89,46
JC Marzahn-Hellersdorf;96206;302;11,5;84,21;21;15,3;97,33
JC Lichtenberg;96208;269;17,8;117,83;37;13;65,67
Brandenburg;12;1.925;15,3;96,99;412;16,7;90,87
JC Cottbus, Stadt;3502;211;16,7;105,77;40;21;111,67
JC Elbe-Elster;3504;121;14,2;91,53;23;16,2;92,75
JC Oberspreewald-Lausitz;3506;143;15,4;97,77;50;16,5;89,93
JC Dahme-Spreewald;3510;124;21,5;126,62;17;19,6;114,39
JC Spree-Neiße;3538;88;15;95,28;20;16;87,5
JC Barnim;3602;25;16,7;97,14;*;16,7;73,4
JC Uckermark;3604;101;13,2;84,43;25;14,9;81,11
JC Frankfurt (Oder), Stadt;3702;113;12,1;78,73;*;14;77,34
JC Oder-Spree;3706;41;13,4;91,02;*;17;108,13
JC Märkisch-Oderland;3708;180;14,4;91,63;42;18,5;106,62
JC Ostprignitz-Ruppin;3802;117;18,3;115,03;9;23,5;109,48
JC Prignitz;3804;99;13;87,36;14;12,1;60,01
JC Oberhavel;3806;76;16,3;98,03;20;16,7;89,87
JC Havelland;3846;105;15,4;99,76;14;13,8;86,34
JC Brandenburg an der Havel, Stadt;3902;66;15,9;98,76;*;14,9;94,33
JC Potsdam, Stadt;3904;98;15;92,13;16;15,8;63,09
JC Teltow-Fläming;3908;167;14;90,04;*;17,3;93,52
JC Potsdam-Mittelmark;3942;50;13,8;90,83;8;10,5;50,39
Mecklenburg-Vorpommern;13;816;14,6;95,9;178;15,5;93,68
JC Vorpommern-Greifswald Nord;3002;73;14,5;95,76;10;8,3;57,08
JC Vorpommern-Greifswald Süd;3006;47;13,9;88,5;*;13,8;84,24
JC Mecklenburgische Seenplatte Süd;3102;146;13,8;92,61;27;15,5;98,17
JC Mecklenburgische Seenplatte Nord;3122;63;15,7;96,56;20;14,6;81,89
JC Rostock, Hansestadt;3202;44;16,6;103,44;17;15,6;87,35
JC Landkreis Rostock;3208;73;12,9;83,72;13;17,4;96,78
JC Schwerin, Landeshauptstadt;3302;94;16,9;116,72;27;18,1;115,18
JC Nordwestmecklenburg;3304;55;17,7;113,98;*;18,9;116,4
JC Ludwigslust-Parchim;3324;80;17,9;107,85;22;22,6;122,21
JC Vorpommern-Rügen;3444;141;11,2;77,78;23;9,3;58,76
Sachsen;14;2.356;14,7;93,49;596;15,8;90,66
JC Erzgebirgskreis;7146;166;14,7;88,54;27;15,5;78,8
JC Bautzen;7202;164;15,1;93,51;25;15,8;85,82
JC Görlitz;7208;178;13,6;88,65;40;13,7;82,14
JC Chemnitz, Stadt;7302;141;19,5;121,81;57;19,6;112,12
JC Dresden, Stadt;7402;715;13,7;92,4;202;14,3;88,94
JC Leipzig, Stadt;7502;287;15,9;95,03;114;17;89,42
JC Nordsachsen;7602;15;19,5;110,45;*;23,5;104,54
JC Leipzig;7610;170;13,2;83,85;15;14,5;83,26
JC Sächsische Schweiz- Osterzgebirge;7702;9;21,5;104,64;*;24,2;111,01
JC Vogtlandkreis;7804;108;14,2;85,11;15;20,4;105,13
JC Meißen;7904;111;14,1;89,15;*;16,3;85,66
JC Mittelsachsen;8002;168;11,9;76,69;35;11,9;73,76
JC Zwickau;9202;124;18,8;121,93;25;19,7;112,04
Sachsen-Anhalt;15;1.656;14,7;92,04;321;14,9;80,19
JC Salzlandkreis;4102;244;15;90,63;55;9,2;44,51
JC Dessau-Roßlau;4202;60;11;76,16;12;13,1;80,28
JC Anhalt-Bitterfeld;4208;142;17,2;106,43;43;17,2;94,17
JC Wittenberg;4214;35;17,1;93,39;5;17,1;105,84
JC Harz;4306;103;10,5;66,99;*;12,3;62,1
JC Halle (Saale), Stadt;4402;85;15;98,7;11;15,2;77,05
JC Saalekreis;4412;192;16,5;105,47;23;15,9;95,57
JC Magdeburg, Landeshauptstadt;4502;174;11,9;72,82;37;13,7;69,35
JC Jerichower Land;4506;73;16,5;103,7;*;19,3;108,94
JC Börde;4514;168;15,2;92,74;25;20,8;99,85
JC Burgenlandkreis;4648;146;13,3;89,07;25;18,1;98,11
JC Mansfeld-Südharz;4704;41;16,9;99,68;14;15,2;81,99
JC Stendal;4802;96;15,7;102,59;*;11,4;73,13
JC Altmarkkreis Salzwedel;4846;97;14,9;93,28;23;15,8;99,86
Thüringen;16;1.181;16,3;98,21;252;17,5;89,58
JC Erfurt, Stadt;9302;167;20,3;119,35;38;24,7;107,33
JC Ilm-Kreis;9304;31;13,6;87,66;7;9,2;53,76
JC Sömmerda;9308;28;16;85,68;6;15,5;66,17
JC Weimar, Stadt;9310;31;16,3;115,8;*;16;128,23
JC Weimarer Land;9312;26;20;117,27;*;30;133,8
JC Gera, Stadt;9402;135;15,5;93,97;29;18,2;83,04
JC Saale-Orla-Kreis;9414;7;14,4;95,32;*;24,3;133,8
JC Altenburger Land;9418;43;12,3;80,28;*;17,6;107,77
JC Greiz;9446;50;17,3;105,53;5;17,5;90,98
JC Gotha;9502;116;14,4;85,04;35;14,7;80,79
JC Unstrut-Hainich-Kreis;9506;99;14,3;83,75;41;15,4;77,25
JC Jena, Stadt;9602;40;14,9;92,15;*;13,5;73,23
JC Saale-Holzland-Kreis;9606;18;14;93,16;*;21,8;133,8
JC Saalfeld-Rudolstadt;9614;58;13,6;88,65;*;14,5;62,4
JC Nordhausen;9702;78;20,3;115,4;*;22,2;99,14
JC Eichsfeld;9704;21;11,7;76;*;10,8;89,2
JC Kyffhäuserkreis;9708;68;18,9;108,83;*;21,5;131,99
JC Suhl, Stadt;9802;14;12;61,18;*;10,1;50,94
JC Hildburghausen;9804;12;14,4;89,19;-;0;0
JC Sonneberg;9806;47;15,9;86,49;*;16,6;74,89
JC Wartburgkreis;9810;34;19,3;113,98;*;28;138,25
JC Eisenach, Stadt;9818;41;14,8;99,48;7;13,9;83,46
JC Schmalkalden-Meiningen;9840;17;16,4;95,22;6;13,7;81,03
;;;;;;;
*) Aus Datenschutzgründen und Gründen der statistischen Geheimhaltung werden Zahlenwerte von 1 oder 2 und Daten, aus denen rechnerisch auf einen solchen Zahlenwert geschlossen werden kann, anonymisiert.;;;;;;;
1) Anteil der Kürzung durch die aktuell wirksamen Sanktionen einer Person an dem Leistungsanspruch, den die Person ohne Sanktionierung gehabt hätte;;;;;;;
Fehlende Werte bei einzelnen Kreisen können wegen unplausibler bzw. unvollständiger Datenlage auftreten.;;;;;;;
